Name,Timing,Result
is_power_of_two_unsat_test,0.829004,passed
array_list_clean_up_unsat_test,0.949638,passed
add_size_saturating_unsat_test,0.988372,passed
ptr_eq_unsat_test,0.969592,passed
add_size_checked_unsat_test,1.00175,passed
nospec_mask_unsat_test,1.03674,passed
round_up_to_power_of_two_unsat_test,1.16551,passed
mul_size_checked_unsat_test,1.39205,passed
mul_size_saturating_unsat_test,1.4732,passed
array_list_length_unsat_test,1.53316,passed
array_list_sort_unsat_test,1.53013,passed
array_list_capacity_unsat_test,1.55488,passed
array_list_get_at_ptr_unsat_test,1.57831,passed
array_list_init_dynamic_unsat_test,1.85005,passed
array_list_get_at_unsat_test,1.91705,passed
array_list_init_static_unsat_test,1.95789,passed
array_list_front_unsat_test,2.01859,passed
array_list_back_unsat_test,2.1726,passed
array_eq_c_str_ignore_case_unsat_test,1.26019,passed
byte_buf_append_unsat_test,1.30543,passed
byte_buf_advance_unsat_test,1.37468,passed
array_list_pop_back_unsat_test,2.49008,passed
byte_buf_clean_up_unsat_test,1.09024,passed
byte_buf_append_dynamic_unsat_test,1.50576,passed
byte_buf_clean_up_secure_unsat_test,1.10375,passed
array_list_clear_unsat_test,2.83151,passed
byte_buf_eq_c_str_ignore_case_unsat_test,1.2784,passed
byte_buf_eq_c_str_unsat_test,1.40416,passed
byte_buf_append_with_lookup_unsat_test,1.87413,passed
byte_buf_from_array_unsat_test,1.12367,passed
array_list_ensure_capacity_unsat_test,3.11229,passed
byte_buf_from_empty_array_unsat_test,1.11823,passed
byte_buf_init_unsat_test,1.12881,passed
array_list_swap_contents_unsat_test,3.36442,passed
array_list_pop_front_unsat_test,3.46202,passed
byte_buf_reserve_unsat_test,1.12736,passed
byte_buf_init_copy_from_cursor_unsat_test,1.29744,passed
array_eq_c_str_unsat_test,2.88886,passed
byte_buf_reserve_relative_unsat_test,1.24569,passed
byte_buf_secure_zero_unsat_test,1.20598,passed
byte_buf_reset_unsat_test,1.24347,passed
array_eq_unsat_test,3.94517,passed
byte_buf_write_be16_unsat_test,1.20762,passed
byte_buf_write_be32_unsat_test,1.23991,passed
byte_buf_write_be64_unsat_test,1.15308,passed
byte_buf_write_unsat_test,1.5085,passed
array_list_pop_front_n_unsat_test,4.31089,passed
byte_buf_write_u8_unsat_test,1.22823,passed
byte_buf_cat_unsat_test,2.99566,passed
byte_cursor_advance_unsat_test,1.26409,passed
byte_buf_write_from_whole_cursor_unsat_test,1.60516,passed
array_eq_ignore_case_unsat_test,3.77308,passed
byte_cursor_advance_nospec_unsat_test,1.42144,passed
byte_buf_write_from_whole_buffer_unsat_test,1.82012,passed
array_list_shrink_to_fit_unsat_test,5.01721,passed
byte_cursor_eq_c_str_unsat_test,1.288,passed
byte_cursor_from_array_unsat_test,1.03392,passed
byte_cursor_eq_c_str_ignore_case_unsat_test,1.28928,passed
byte_buf_from_c_str_unsat_test,3.19647,passed
byte_cursor_from_buf_unsat_test,1.13066,passed
byte_cursor_from_string_unsat_test,1.20408,passed
byte_cursor_left_trim_pred_unsat_test,1.17052,passed
byte_buf_eq_unsat_test,3.9807,passed
byte_cursor_eq_byte_buf_unsat_test,2.05455,passed
byte_cursor_read_be16_unsat_test,1.24638,passed
byte_cursor_compare_lexical_unsat_test,2.44227,passed
byte_cursor_eq_unsat_test,2.32289,passed
array_list_push_back_unsat_test,5.92501,passed
byte_buf_eq_ignore_case_unsat_test,4.08056,passed
byte_cursor_read_unsat_test,1.67505,passed
byte_cursor_read_u8_unsat_test,1.28716,passed
byte_cursor_right_trim_pred_unsat_test,1.24106,passed
hash_ptr_unsat_test,1.0815,passed
array_list_copy_unsat_test,6.16591,passed
byte_cursor_satisfies_pred_unsat_test,1.15028,passed
byte_cursor_read_and_fill_buffer_unsat_test,1.80225,passed
hash_array_ignore_case_unsat_test,1.19933,passed
byte_cursor_read_be32_unsat_test,1.90011,passed
hash_byte_cursor_ptr_ignore_case_unsat_test,1.19856,passed
byte_cursor_from_c_str_unsat_test,2.55144,passed
hash_string_unsat_test,1.61042,passed
byte_cursor_trim_pred_unsat_test,1.77278,passed
byte_cursor_eq_ignore_case_unsat_test,2.88887,passed
byte_cursor_compare_lookup_unsat_test,3.64931,passed
hash_callback_string_destroy_unsat_test,1.39655,passed
byte_cursor_eq_byte_buf_ignore_case_unsat_test,3.65673,passed
byte_cursor_read_be64_unsat_test,2.68887,passed
hash_table_get_entry_count_unsat_test,1.5731,passed
hash_table_move_unsat_test,1.55225,passed
byte_buf_init_copy_unsat_test,5.55592,passed
hash_iter_done_unsat_test,1.97762,passed
array_list_erase_unsat_test,8.39113,passed
hash_table_clear_unsat_test,2.23606,passed
hash_c_string_unsat_test,2.97469,passed
linked_list_init_unsat_test,0.846611,passed
hash_table_clean_up_unsat_test,2.41156,passed
linked_list_remove_unsat_test,0.921404,passed
linked_list_next_unsat_test,0.853795,passed
byte_buf_write_from_whole_string_unsat_test,6.20363,passed
linked_list_prev_unsat_test,0.945732,passed
linked_list_node_reset_unsat_test,0.961863,passed
hash_iter_begin_unsat_test,3.7485,passed
hash_iter_next_unsat_test,3.86906,passed
hash_table_swap_unsat_test,3.75139,passed
hash_iter_begin_done_unsat_test,4.09595,passed
hash_table_init_unbounded_unsat_test,3.37614,passed
linked_list_insert_after_unsat_test,0.857746,passed
linked_list_insert_before_unsat_test,0.872703,passed
hash_byte_cursor_ptr_unsat_test,4.97578,passed
linked_list_begin_unsat_test,3.25566,passed
linked_list_end_unsat_test,3.37142,passed
linked_list_back_unsat_test,3.7014,passed
string_bytes_unsat_test,1.59306,passed
hash_table_find_unsat_test,5.58857,passed
linked_list_front_unsat_test,4.87901,passed
linked_list_rbegin_unsat_test,3.10093,passed
linked_list_rend_unsat_test,3.22703,passed
string_new_from_c_str_unsat_test,1.83579,passed
string_destroy_unsat_test,1.13488,passed
array_list_comparator_string_unsat_test,13.5592,passed
linked_list_pop_front_unsat_test,5.71862,passed
linked_list_push_back_unsat_test,5.22604,passed
linked_list_pop_back_unsat_test,6.01288,passed
linked_list_push_front_unsat_test,5.1947,passed
string_destroy_secure_unsat_test,1.61656,passed
priority_queue_clean_up_unsat_test,1.15178,passed
hash_table_init_bounded_unsat_test,8.30473,passed
priority_queue_init_static_unsat_test,1.66674,passed
priority_queue_size_unsat_test,2.6033,passed
ring_buffer_clean_up_unsat_test,1.48964,passed
string_new_from_array_unsat_test,4.49701,passed
ring_buffer_init_unsat_test,1.28809,passed
priority_queue_init_dynamic_unsat_test,2.1003,passed
priority_queue_capacity_unsat_test,2.69029,passed
string_eq_byte_cursor_unsat_test,5.75824,passed
string_eq_byte_buf_unsat_test,6.07966,passed
priority_queue_top_unsat_test,2.79447,passed
string_eq_byte_buf_ignore_case_unsat_test,6.38981,passed
string_eq_c_str_unsat_test,6.34958,passed
string_eq_ignore_case_unsat_test,5.85631,passed
byte_buf_eq2_unsat_test,3.51903,passed
string_new_from_string_unsat_test,6.55424,passed
string_eq_unsat_test,8.9623,passed
hash_callback_c_str_eq_unsat_test,13.1883,passed
string_compare_unsat_test,10.1809,passed
string_eq_byte_cursor_ignore_case_unsat_test,9.89982,passed
array_list_set_at_unsat_test,20.5875,passed
string_eq_c_str_ignore_case_unsat_test,10.7493,passed
hash_callback_string_eq_unsat_test,15.739,passed
priority_queue_s_remove_node_unsat_test,7.55383,passed
priority_queue_s_sift_either_unsat_test,7.73655,passed
hash_table_foreach_unsat_test,17.9471,passed
priority_queue_pop_unsat_test,9.27753,passed
linked_list_swap_contents_unsat_test,16.6252,passed
hash_table_put_unsat_test,19.5593,passed
hash_table_remove_unsat_test,19.5449,passed
priority_queue_remove_unsat_test,12.2378,passed
array_list_swap_unsat_test,29.7375,passed
ring_buffer_acquire_up_to_unsat_test,26.5793,passed
ring_buffer_release_unsat_test,27.5799,passed
hash_table_create_unsat_test,37.6493,passed
hash_table_eq_unsat_test,37.9349,passed
hash_iter_delete_unsat_test,39.7775,passed
ring_buffer_buf_belongs_to_pool_unsat_test,42.8036,passed
hash_table_foreach_deep_precise_unsat_test,55.6906,passed
hash_table_foreach_deep_loose_unsat_test,58.1176,passed
priority_queue_push_ref_unsat_test,60.0998,passed
priority_queue_push_unsat_test,69.776,passed
priority_queue_s_swap_unsat_test,100.414,passed
ring_buffer_acquire_unsat_test,126.541,passed
priority_queue_s_sift_up_unsat_test,600.122,failed
priority_queue_s_sift_down_unsat_test,600.026,failed
